{
  "2025": [
    {"date": "01.01.2025", "name": "Новий рік"},
    {"date": "08.03.2025", "name": "Міжнародний жіночий день"},
    {"date": "20.04.2025", "name": "Великдень"},
    {"date": "01.05.2025", "name": "День праці"},
    {"date": "08.05.2025", "name": "День пам'яті і перемоги над нацизмом"},
    {"date": "08.06.2025", "name": "Трійця"},
    {"date": "28.06.2025", "name": "День Конституції України"},
    {"date": "15.07.2025", "name": "День української державності"},
    {"date": "24.08.2025", "name": "День Незалежності України"},
    {"date": "01.10.2025", "name": "День захисників і захисниць України"},
    {"date": "25.12.2025", "name": "Різдво христове"}
  ],
  "2026": [
    {"date": "01.01.2026", "name": "Новий рік"},
    {"date": "08.03.2026", "name": "Міжнародний жіночий день"},
    {"date": "01.05.2026", "name": "День праці"},
    {"date": "08.05.2026", "name": "День пам'яті і перемоги над нацизмом"},
    {"date": "28.06.2026", "name": "День Конституції України"},
    {"date": "15.07.2026", "name": "День української державності"},
    {"date": "24.08.2026", "name": "День Незалежності України"},
    {"date": "01.10.2026", "name": "День захисників і захисниць України"},
    {"date": "12.04.2026", "name": "Великдень"},
    {"date": "31.05.2026", "name": "Трійця"},
    {"date": "25.12.2026", "name": "Різдво христове"}
  ],
  "2027": [
    {"date": "01.01.2027", "name": "Новий рік"},
    {"date": "08.03.2027", "name": "Міжнародний жіночий день"},
    {"date": "01.05.2027", "name": "День праці"},
    {"date": "08.05.2027", "name": "День пам'яті і перемоги над нацизмом"},
    {"date": "28.06.2027", "name": "День Конституції України"},
    {"date": "15.07.2027", "name": "День української державності"},
    {"date": "24.08.2027", "name": "День Незалежності України"},
    {"date": "01.10.2027", "name": "День захисників і захисниць України"},
    {"date": "02.05.2027", "name": "Великдень"},
    {"date": "20.06.2027", "name": "Трійця"},
    {"date": "25.12.2027", "name": "Різдво христове"}
  ],
  "2028": [
    {"date": "01.01.2028", "name": "Новий рік"},
    {"date": "08.03.2028", "name": "Міжнародний жіночий день"},
    {"date": "01.05.2028", "name": "День праці"},
    {"date": "08.05.2028", "name": "День пам'яті і перемоги над нацизмом"},
    {"date": "28.06.2028", "name": "День Конституції України"},
    {"date": "15.07.2028", "name": "День української державності"},
    {"date": "24.08.2028", "name": "День Незалежності України"},
    {"date": "01.10.2028", "name": "День захисників і захисниць України"},
    {"date": "16.04.2028", "name": "Великдень"},
    {"date": "04.06.2028", "name": "Трійця"},
    {"date": "25.12.2028", "name": "Різдво христове"}
  ],
  "2029": [
    {"date": "01.01.2029", "name": "Новий рік"},
    {"date": "08.03.2029", "name": "Міжнародний жіночий день"},
    {"date": "01.05.2029", "name": "День праці"},
    {"date": "08.05.2029", "name": "День пам'яті і перемоги над нацизмом"},
    {"date": "28.06.2029", "name": "День Конституції України"},
    {"date": "15.07.2029", "name": "День української державності"},
    {"date": "24.08.2029", "name": "День Незалежності України"},
    {"date": "01.10.2029", "name": "День захисників і захисниць України"},
    {"date": "08.04.2029", "name": "Великдень"},
    {"date": "28.05.2029", "name": "Трійця"},
    {"date": "25.12.2029", "name": "Різдво христове"}
  ],
  "2030": [
    {"date": "01.01.2030", "name": "Новий рік"},
    {"date": "08.03.2030", "name": "Міжнародний жіночий день"},
    {"date": "01.05.2030", "name": "День праці"},
    {"date": "08.05.2030", "name": "День пам'яті і перемоги над нацизмом"},
    {"date": "28.06.2030", "name": "День Конституції України"},
    {"date": "15.07.2030", "name": "День української державності"},
    {"date": "24.08.2030", "name": "День Незалежності України"},
    {"date": "01.10.2030", "name": "День захисників і захисниць України"},
    {"date": "28.04.2030", "name": "Великдень"},
    {"date": "17.06.2030", "name": "Трійця"},
    {"date": "25.12.2030", "name": "Різдво христове"}
  ],
  "all": [
  {"date": "01.01", "name": "Новий рік"},
  {"date": "07.01", "name": "Різдво Христове"},
  {"date": "08.03", "name": "Міжнародний жіночий день"},
  {"date": "01.05", "name": "День праці"},
  {"date": "09.05", "name": "День перемоги"},
  {"date": "28.06", "name": "День Конституції України"},
  {"date": "24.08", "name": "День Незалежності України"},
  {"date": "01.10", "name": "День захисників і захисниць України"},
  {"date": "25.12", "name": "Різдво Христове (григоріанське)"}
  ]
}